{
"skeleton": {
	"hash": "C+Tg6XTHNVyjN22H0OFHIOG0xwI",
	"spine": "3.8.75",
	"x": 369.62,
	"y": -196.44,
	"width": 25,
	"height": 10,
	"images": "../Image/",
	"audio": "D:/исходники/Water/Water1/Image"
},
"bones": [
	{ "name": "root" },
	{ "name": "bone", "parent": "root", "length": 127.81, "rotation": 91.23, "x": 380.4, "y": -189.73 }
],
"slots": [
	{ "name": "water1_00001", "bone": "bone", "attachment": "water1_00001" }
],
"skins": [
	{
		"name": "default",
		"attachments": {
			"water1_00001": {
				"water1_00001": { "x": -1.75, "y": -1.68, "rotation": -91.23, "width": 25, "height": 10 },
				"water1_00002": { "x": -1.54, "y": -1.48, "rotation": -91.23, "width": 26, "height": 11 },
				"water1_00003": { "x": -1.32, "y": -1.35, "rotation": -91.23, "width": 30, "height": 12 },
				"water1_00004": { "x": -1.13, "y": -2.23, "rotation": -91.23, "width": 36, "height": 13 },
				"water1_00005": { "x": -1.21, "y": -2.39, "rotation": -91.23, "width": 42, "height": 16 },
				"water1_00006": { "x": -1.1, "y": -3.13, "rotation": -91.23, "width": 52, "height": 20 },
				"water1_00007": { "x": -1.47, "y": -3.15, "rotation": -91.23, "width": 62, "height": 25 },
				"water1_00008": { "x": -1.56, "y": -3.47, "rotation": -91.23, "width": 74, "height": 28 },
				"water1_00009": { "x": -1.23, "y": -4.01, "rotation": -91.23, "width": 85, "height": 33 },
				"water1_00010": { "x": -1.89, "y": -4.02, "rotation": -91.23, "width": 95, "height": 40 },
				"water1_00011": { "x": -2.33, "y": -3.75, "rotation": -91.23, "width": 103, "height": 48 },
				"water1_00012": { "x": -2.57, "y": -3.57, "rotation": -91.23, "width": 114, "height": 57 },
				"water1_00013": { "x": -2.24, "y": -3.89, "rotation": -91.23, "width": 126, "height": 62 },
				"water1_00014": { "x": -2.91, "y": -4.49, "rotation": -91.23, "width": 140, "height": 69 },
				"water1_00015": { "x": -3.36, "y": -4.3, "rotation": -91.23, "width": 151, "height": 77 },
				"water1_00016": { "x": -3.04, "y": -1.87, "rotation": -91.23, "width": 166, "height": 85 },
				"water1_00017": { "x": -3.47, "y": -0.63, "rotation": -91.23, "width": 182, "height": 93 },
				"water1_00018": { "x": -3.6, "y": 0.48, "rotation": -91.23, "width": 194, "height": 99 },
				"water1_00019": { "x": -3.69, "y": 0.16, "rotation": -91.23, "width": 206, "height": 102 },
				"water1_00020": { "x": -2.99, "y": -0.31, "rotation": -91.23, "width": 214, "height": 102 },
				"water1_00021": { "x": -4.18, "y": 0.48, "rotation": -91.23, "width": 221, "height": 103 },
				"water1_00022": { "x": -6.21, "y": -0.85, "rotation": -91.23, "width": 228, "height": 107 },
				"water1_00023": { "x": -6.25, "y": 1.33, "rotation": -91.23, "width": 235, "height": 110 },
				"water1_00024": { "x": -6.01, "y": 2.59, "rotation": -91.23, "width": 241, "height": 111 },
				"water1_00025": { "x": -5.19, "y": 3.78, "rotation": -91.23, "width": 240, "height": 108 },
				"water1_00026": { "x": -5.79, "y": 5.16, "rotation": -91.23, "width": 233, "height": 105 },
				"water1_00027": { "x": -8.14, "y": 5.08, "rotation": -91.23, "width": 229, "height": 104 },
				"water1_00028": { "x": -8.65, "y": 4.34, "rotation": -91.23, "width": 222, "height": 105 },
				"water1_00029": { "x": -8.33, "y": 5.62, "rotation": -91.23, "width": 218, "height": 103 },
				"water1_00030": { "x": -7.45, "y": 6.34, "rotation": -91.23, "width": 208, "height": 97 },
				"water1_00031": { "x": -6.27, "y": 7.13, "rotation": -91.23, "width": 195, "height": 89 },
				"water1_00032": { "x": -5.8, "y": 8.23, "rotation": -91.23, "width": 180, "height": 81 },
				"water1_00033": { "x": -5.96, "y": 6.51, "rotation": -91.23, "width": 165, "height": 77 },
				"water1_00034": { "x": -5.65, "y": 3.85, "rotation": -91.23, "width": 149, "height": 72 },
				"water1_00035": { "x": -5.34, "y": 1.19, "rotation": -91.23, "width": 133, "height": 67 },
				"water1_00036": { "x": -4.88, "y": 1.5, "rotation": -91.23, "width": 121, "height": 59 },
				"water1_00037": { "x": -4.22, "y": 1.6, "rotation": -91.23, "width": 108, "height": 52 },
				"water1_00038": { "x": -3.8, "y": 0.2, "rotation": -91.23, "width": 98, "height": 44 },
				"water1_00039": { "x": -3.45, "y": -0.91, "rotation": -91.23, "width": 86, "height": 39 },
				"water1_00040": { "x": -3.11, "y": -2.31, "rotation": -91.23, "width": 76, "height": 34 },
				"water1_00041": { "x": -2.74, "y": -2.07, "rotation": -91.23, "width": 67, "height": 29 },
				"water1_00042": { "x": -2.56, "y": -1.34, "rotation": -91.23, "width": 57, "height": 23 },
				"water1_00043": { "x": -1.98, "y": -1.32, "rotation": -91.23, "width": 47, "height": 19 },
				"water1_00044": { "x": -1.4, "y": -1.38, "rotation": -91.23, "width": 40, "height": 15 },
				"water1_00045": { "x": -1.84, "y": -2.13, "rotation": -91.23, "width": 33, "height": 13 },
				"water1_00046": { "x": -1.34, "y": -2.06, "rotation": -91.23, "width": 30, "height": 12 },
				"water1_00047": { "x": -1.54, "y": -1.48, "rotation": -91.23, "width": 26, "height": 11 },
				"water1_00048": { "x": -1.75, "y": -1.68, "rotation": -91.23, "width": 25, "height": 10 }
			}
		}
	}
],
"animations": {
	"animation": {
		"slots": {
			"water1_00001": {
				"attachment": [
					{ "name": null },
					{ "time": 0.0333, "name": "water1_00001" },
					{ "time": 0.0667, "name": "water1_00002" },
					{ "time": 0.1, "name": "water1_00003" },
					{ "time": 0.1333, "name": "water1_00004" },
					{ "time": 0.1667, "name": "water1_00005" },
					{ "time": 0.2, "name": "water1_00006" },
					{ "time": 0.2333, "name": "water1_00007" },
					{ "time": 0.2667, "name": "water1_00008" },
					{ "time": 0.3, "name": "water1_00009" },
					{ "time": 0.3333, "name": "water1_00010" },
					{ "time": 0.3667, "name": "water1_00011" },
					{ "time": 0.4, "name": "water1_00012" },
					{ "time": 0.4333, "name": "water1_00013" },
					{ "time": 0.4667, "name": "water1_00014" },
					{ "time": 0.5, "name": "water1_00015" },
					{ "time": 0.5333, "name": "water1_00016" },
					{ "time": 0.5667, "name": "water1_00017" },
					{ "time": 0.6, "name": "water1_00018" },
					{ "time": 0.6333, "name": "water1_00019" },
					{ "time": 0.6667, "name": "water1_00020" },
					{ "time": 0.7, "name": "water1_00021" },
					{ "time": 0.7333, "name": "water1_00022" },
					{ "time": 0.7667, "name": "water1_00023" },
					{ "time": 0.8, "name": "water1_00024" },
					{ "time": 0.8333, "name": "water1_00025" },
					{ "time": 0.8667, "name": "water1_00026" },
					{ "time": 0.9, "name": "water1_00027" },
					{ "time": 0.9333, "name": "water1_00028" },
					{ "time": 0.9667, "name": "water1_00029" },
					{ "time": 1, "name": "water1_00030" },
					{ "time": 1.0333, "name": "water1_00031" },
					{ "time": 1.0667, "name": "water1_00032" },
					{ "time": 1.1, "name": "water1_00033" },
					{ "time": 1.1333, "name": "water1_00034" },
					{ "time": 1.1667, "name": "water1_00035" },
					{ "time": 1.2, "name": "water1_00036" },
					{ "time": 1.2333, "name": "water1_00037" },
					{ "time": 1.2667, "name": "water1_00038" },
					{ "time": 1.3, "name": "water1_00039" },
					{ "time": 1.3333, "name": "water1_00040" },
					{ "time": 1.3667, "name": "water1_00041" },
					{ "time": 1.4, "name": "water1_00042" },
					{ "time": 1.4333, "name": "water1_00043" },
					{ "time": 1.4667, "name": "water1_00044" },
					{ "time": 1.5, "name": "water1_00045" },
					{ "time": 1.5333, "name": "water1_00046" },
					{ "time": 1.5667, "name": "water1_00047" },
					{ "time": 1.6, "name": "water1_00048" }
				]
			}
		}
	}
}
}