{
"skeleton": {
	"hash": "w+8KoAJ4hI13AaAUH66XzDPJC2Q",
	"spine": "3.8.75",
	"x": 366.78,
	"y": -241.33,
	"width": 30,
	"height": 13,
	"images": "./Images/",
	"audio": "D:/исходники/Water/Water4/Images"
},
"bones": [
	{ "name": "root" },
	{ "name": "bone", "parent": "root", "length": 599.88, "rotation": 0.09, "x": 100.21, "y": -399.51 }
],
"slots": [
	{ "name": "water40000", "bone": "bone", "attachment": "water40000" }
],
"skins": [
	{
		"name": "default",
		"attachments": {
			"water40000": {
				"water40000": { "x": 281.84, "y": 164.22, "rotation": -0.09, "width": 30, "height": 13 },
				"water40001": { "x": 281.57, "y": 166.42, "rotation": -0.09, "width": 82, "height": 37 },
				"water40002": { "x": 281.48, "y": 192.9, "rotation": -0.09, "width": 157, "height": 109 },
				"water40003": { "x": 281.74, "y": 244.94, "rotation": -0.09, "width": 261, "height": 252 },
				"water40004": { "x": 282.03, "y": 240.96, "rotation": -0.09, "width": 361, "height": 277 },
				"water40005": { "x": 281.51, "y": 207.96, "rotation": -0.09, "width": 512, "height": 343 },
				"water40006": { "x": 281.51, "y": 207.96, "rotation": -0.09, "width": 512, "height": 343 },
				"water40007": { "x": 281.51, "y": 205.44, "rotation": -0.09, "width": 512, "height": 331 },
				"water40008": { "x": 281.91, "y": 198.08, "rotation": -0.09, "width": 510, "height": 323 },
				"water40009": { "x": 281.94, "y": 183.76, "rotation": -0.09, "width": 503, "height": 292 },
				"water40010": { "x": 281.57, "y": 163.45, "rotation": -0.09, "width": 508, "height": 246 },
				"water40011": { "x": 281.42, "y": 151.17, "rotation": -0.09, "width": 512, "height": 174 },
				"water40012": { "x": 281.79, "y": 159.42, "rotation": -0.09, "width": 490, "height": 193 },
				"water40013": { "x": 281.83, "y": 146.74, "rotation": -0.09, "width": 510, "height": 207 },
				"water40014": { "x": 281.69, "y": 155.06, "rotation": -0.09, "width": 460, "height": 37 }
			}
		}
	}
],
"animations": {
	"animation": {
		"slots": {
			"water40000": {
				"attachment": [
					{ "name": "water40014" },
					{ "time": 0.0333, "name": "water40001" },
					{ "time": 0.0667, "name": "water40002" },
					{ "time": 0.1, "name": "water40003" },
					{ "time": 0.1333, "name": "water40004" },
					{ "time": 0.1667, "name": "water40005" },
					{ "time": 0.2, "name": "water40006" },
					{ "time": 0.2333, "name": "water40007" },
					{ "time": 0.2667, "name": "water40008" },
					{ "time": 0.3, "name": "water40009" },
					{ "time": 0.3333, "name": "water40010" },
					{ "time": 0.3667, "name": "water40011" },
					{ "time": 0.4, "name": "water40012" },
					{ "time": 0.4333, "name": "water40013" },
					{ "time": 0.4667, "name": "water40014" }
				]
			}
		}
	}
}
}