{
"skeleton": {
	"hash": "tbiEpuKbaGv0zUDgfsNnPBNiW+s",
	"spine": "3.8.75",
	"x": 250.34,
	"y": -276.5,
	"width": 270,
	"height": 171,
	"images": "./image/",
	"audio": "D:/исходники/Water/Water8/image"
},
"bones": [
	{ "name": "root" },
	{ "name": "bone", "parent": "root", "length": 319.5, "rotation": 179.26, "x": 519.58, "y": -196.36 }
],
"slots": [
	{ "name": "water100000", "bone": "root", "attachment": "water100001" }
],
"skins": [
	{
		"name": "default",
		"attachments": {
			"water100000": {
				"water100000": { "x": 379.85, "y": -191.52, "width": 286, "height": 155 },
				"water100001": { "x": 385.34, "y": -191, "width": 270, "height": 171 },
				"water100002": { "x": 381.5, "y": -190.89, "width": 268, "height": 158 },
				"water100003": { "x": 380.71, "y": -191.02, "width": 265, "height": 154 },
				"water100004": { "x": 383.18, "y": -190.83, "width": 260, "height": 138 },
				"water100005": { "x": 383.1, "y": -190.41, "width": 257, "height": 140 },
				"water100006": { "x": 380.68, "y": -190.54, "width": 255, "height": 136 },
				"water100007": { "x": 379.89, "y": -190.83, "width": 252, "height": 138 },
				"water100008": { "x": 378.57, "y": -190.97, "width": 238, "height": 161 },
				"water100009": { "x": 378.31, "y": -190.86, "width": 246, "height": 148 },
				"water100010": { "x": 378.6, "y": -190.38, "width": 248, "height": 130 },
				"water100011": { "x": 369.43, "y": -190.41, "width": 268, "height": 140 },
				"water100012": { "x": 372.56, "y": -190.47, "width": 270, "height": 160 },
				"water100013": { "x": 366.57, "y": -190.28, "width": 285, "height": 144 },
				"water100014": { "x": 355.56, "y": -190.62, "width": 307, "height": 139 },
				"water100015": { "x": 359.56, "y": -190.39, "width": 315, "height": 157 },
				"water100016": { "x": 357.51, "y": -190.65, "width": 318, "height": 149 },
				"water100017": { "x": 361.48, "y": -190.42, "width": 316, "height": 167 },
				"water100018": { "x": 361.11, "y": -190.76, "width": 311, "height": 162 },
				"water100019": { "x": 354.07, "y": -190.31, "width": 331, "height": 154 },
				"water100020": { "x": 359.3, "y": -190.73, "width": 323, "height": 152 }
			}
		}
	}
],
"animations": {
	"animation": {
		"slots": {
			"water100000": {
				"attachment": [
					{ "name": "water100000" },
					{ "time": 0.1, "name": "water100001" },
					{ "time": 0.2, "name": "water100002" },
					{ "time": 0.3, "name": "water100003" },
					{ "time": 0.4, "name": "water100004" },
					{ "time": 0.5, "name": "water100005" },
					{ "time": 0.5667, "name": "water100006" },
					{ "time": 0.6667, "name": "water100007" },
					{ "time": 0.7667, "name": "water100008" },
					{ "time": 0.8667, "name": "water100009" },
					{ "time": 0.9667, "name": "water100010" },
					{ "time": 1.0667, "name": "water100011" },
					{ "time": 1.1667, "name": "water100012" },
					{ "time": 1.2667, "name": "water100013" },
					{ "time": 1.3667, "name": "water100014" },
					{ "time": 1.4667, "name": "water100015" },
					{ "time": 1.5667, "name": "water100016" },
					{ "time": 1.6667, "name": "water100017" },
					{ "time": 1.7333, "name": "water100018" },
					{ "time": 1.8333, "name": "water100019" },
					{ "time": 1.9333, "name": "water100020" }
				]
			}
		}
	}
}
}