{
"skeleton": {
	"hash": "9Skfe5Xrhnv91xA3XxU9szDgv04",
	"spine": "3.8.75",
	"x": 260.28,
	"y": -320.85,
	"width": 62,
	"height": 13,
	"images": "D:/исходники/Water/water2/image/",
	"audio": "D:\\исходники\\Water\\water2\\image"
},
"bones": [
	{ "name": "root" },
	{ "name": "bone", "parent": "root", "length": 88.06, "rotation": 86.61, "x": 327.79, "y": -306.03 }
],
"slots": [
	{ "name": "warer20000", "bone": "bone", "attachment": "warer20000" }
],
"skins": [
	{
		"name": "default",
		"attachments": {
			"warer20000": {
				"warer20000": { "x": -10.47, "y": 35.95, "rotation": -86.61, "width": 62, "height": 13 },
				"warer20001": { "x": -5.99, "y": 12, "rotation": -86.61, "width": 72, "height": 14 },
				"warer20002": { "x": 2.01, "y": -0.78, "rotation": -86.61, "width": 80, "height": 18 },
				"warer20003": { "x": 3.52, "y": -3.61, "rotation": -86.61, "width": 83, "height": 21 },
				"warer20004": { "x": 11.19, "y": -5.56, "rotation": -86.61, "width": 102, "height": 40 },
				"warer20005": { "x": 15.63, "y": -7.59, "rotation": -86.61, "width": 108, "height": 47 },
				"warer20006": { "x": 21.29, "y": -9.05, "rotation": -86.61, "width": 113, "height": 60 },
				"warer20007": { "x": 31.43, "y": -8.16, "rotation": -86.61, "width": 111, "height": 78 },
				"warer20008": { "x": 31.82, "y": -9.93, "rotation": -86.61, "width": 116, "height": 76 },
				"warer20009": { "x": 37.2, "y": -12.24, "rotation": -86.61, "width": 117, "height": 84 },
				"warer20010": { "x": 44.12, "y": -11.62, "rotation": -86.61, "width": 118, "height": 90 },
				"warer20011": { "x": 51.55, "y": -13.95, "rotation": -86.61, "width": 115, "height": 101 },
				"warer20012": { "x": 56.52, "y": -16.63, "rotation": -86.61, "width": 111, "height": 107 },
				"warer20013": { "x": 58.57, "y": -12.11, "rotation": -86.61, "width": 115, "height": 118 },
				"warer20014": { "x": 5.15, "y": 12.73, "rotation": -86.61, "width": 96, "height": 30 },
				"warer20015": { "x": -12.25, "y": 35, "rotation": -86.61, "width": 58, "height": 11 },
				"warer20016": { "x": -10.47, "y": 35.95, "rotation": -86.61, "width": 62, "height": 13 }
			}
		}
	}
],
"animations": {
	"animation": {
		"slots": {
			"warer20000": {
				"attachment": [
					{ "name": "warer20000" },
					{ "time": 0.0333, "name": "warer20001" },
					{ "time": 0.0667, "name": "warer20002" },
					{ "time": 0.1, "name": "warer20003" },
					{ "time": 0.1333, "name": "warer20004" },
					{ "time": 0.1667, "name": "warer20005" },
					{ "time": 0.2, "name": "warer20006" },
					{ "time": 0.2333, "name": "warer20007" },
					{ "time": 0.2667, "name": "warer20008" },
					{ "time": 0.3, "name": "warer20009" },
					{ "time": 0.3333, "name": "warer20010" },
					{ "time": 0.3667, "name": "warer20011" },
					{ "time": 0.4, "name": "warer20012" },
					{ "time": 0.4333, "name": "warer20013" },
					{ "time": 0.4667, "name": "warer20014" },
					{ "time": 0.5, "name": "warer20015" },
					{ "time": 0.5333, "name": "warer20016" }
				]
			}
		}
	}
}
}